[{"model": "contenttypes.contenttype", "pk": 1, "fields": {"app_label": "admin", "model": "logentry"}}, {"model": "contenttypes.contenttype", "pk": 2, "fields": {"app_label": "auth", "model": "permission"}}, {"model": "contenttypes.contenttype", "pk": 3, "fields": {"app_label": "auth", "model": "group"}}, {"model": "contenttypes.contenttype", "pk": 4, "fields": {"app_label": "auth", "model": "user"}}, {"model": "contenttypes.contenttype", "pk": 5, "fields": {"app_label": "contenttypes", "model": "contenttype"}}, {"model": "contenttypes.contenttype", "pk": 6, "fields": {"app_label": "sessions", "model": "session"}}, {"model": "contenttypes.contenttype", "pk": 7, "fields": {"app_label": "sites", "model": "site"}}, {"model": "contenttypes.contenttype", "pk": 8, "fields": {"app_label": "account", "model": "emailaddress"}}, {"model": "contenttypes.contenttype", "pk": 9, "fields": {"app_label": "account", "model": "emailconfirmation"}}, {"model": "contenttypes.contenttype", "pk": 10, "fields": {"app_label": "socialaccount", "model": "socialaccount"}}, {"model": "contenttypes.contenttype", "pk": 11, "fields": {"app_label": "socialaccount", "model": "socialapp"}}, {"model": "contenttypes.contenttype", "pk": 12, "fields": {"app_label": "socialaccount", "model": "socialtoken"}}, {"model": "contenttypes.contenttype", "pk": 13, "fields": {"app_label": "customers", "model": "customer"}}, {"model": "contenttypes.contenttype", "pk": 14, "fields": {"app_label": "photographers", "model": "photographer"}}, {"model": "contenttypes.contenttype", "pk": 15, "fields": {"app_label": "photos", "model": "tag"}}, {"model": "contenttypes.contenttype", "pk": 16, "fields": {"app_label": "photos", "model": "category"}}, {"model": "contenttypes.contenttype", "pk": 17, "fields": {"app_label": "photographers", "model": "album"}}, {"model": "contenttypes.contenttype", "pk": 18, "fields": {"app_label": "photos", "model": "photo"}}, {"model": "contenttypes.contenttype", "pk": 19, "fields": {"app_label": "customers", "model": "download"}}, {"model": "contenttypes.contenttype", "pk": 20, "fields": {"app_label": "customers", "model": "favourite"}}, {"model": "sessions.session", "pk": "63poc2mo7vpdyvl5065n1zads4aw9o9k", "fields": {"session_data": "NTZmMmU0ZThmMmQyNmQ0ODc0OTRiZDJmMjA3YWRmNTEzMmYxZmI2ODp7Il9tZXNzYWdlcyI6IltbXCJfX2pzb25fbWVzc2FnZVwiLDAsMjUsXCJZb3UgaGF2ZSBzaWduZWQgb3V0LlwiXV0ifQ==", "expire_date": "2020-06-08T16:23:33.523Z"}}, {"model": "sessions.session", "pk": "8tpg4jm5qm2f6vl7layx35olyp4fjzd2", "fields": {"session_data": "MmRhNmQ2NGZmNTRmNTAyNWNlMTc4NzYxMzc0NTMxMmQ3ZTg3MzMyYzp7fQ==", "expire_date": "2020-06-08T16:32:02.399Z"}}, {"model": "sessions.session", "pk": "99r9nv51jow9ygifwdvl6gqxwxqzpui2", "fields": {"session_data": "MmUzZTE4MzEyYzQ3MDM3MmQ2ZTQ4ZjE1MjcxODk3NjgxNDgxNjljMzp7Il9hdXRoX3VzZXJfaWQiOiIxIiwiX2F1dGhfdXNlcl9iYWNrZW5kIjoiZGphbmdvLmNvbnRyaWIuYXV0aC5iYWNrZW5kcy5Nb2RlbEJhY2tlbmQiLCJfYXV0aF91c2VyX2hhc2giOiJmNzEwZmZjOTM0NTdmYzQ1NGUyNTUyODZlOWNhMzg0ZTk0NmMzM2U2In0=", "expire_date": "2020-06-10T14:08:14.013Z"}}, {"model": "sessions.session", "pk": "log6yo92rb2at0rj3qepnlvrd2chplra", "fields": {"session_data": "MmRhNmQ2NGZmNTRmNTAyNWNlMTc4NzYxMzc0NTMxMmQ3ZTg3MzMyYzp7fQ==", "expire_date": "2020-06-08T16:30:59.770Z"}}, {"model": "sessions.session", "pk": "m2vbqea80x4w8nrmrdw9sxbc2gxdjyct", "fields": {"session_data": "MmRhNmQ2NGZmNTRmNTAyNWNlMTc4NzYxMzc0NTMxMmQ3ZTg3MzMyYzp7fQ==", "expire_date": "2020-06-08T16:24:48.410Z"}}, {"model": "sessions.session", "pk": "qbfj0br0scurq64b7q7e3n97knegcm5t", "fields": {"session_data": "MmRhNmQ2NGZmNTRmNTAyNWNlMTc4NzYxMzc0NTMxMmQ3ZTg3MzMyYzp7fQ==", "expire_date": "2020-06-08T16:27:13.532Z"}}, {"model": "sessions.session", "pk": "rmjjrnzs5v05m5mrucp8lksr116zqewb", "fields": {"session_data": "MmRhNmQ2NGZmNTRmNTAyNWNlMTc4NzYxMzc0NTMxMmQ3ZTg3MzMyYzp7fQ==", "expire_date": "2020-06-08T16:30:32.255Z"}}, {"model": "sessions.session", "pk": "yk9iuei2kptbtscmzdu4lkcyfhoyr8g1", "fields": {"session_data": "OTEyN2U0ODZkYWQxMDExMmU0MjllMzY5YzU5YTg4ZDQwMmRmMTQ5Mjp7InNob3BwaW5nX2NhcnQiOnsiMTciOnsiaWQiOiIxNyIsImNhcHRpb24iOiJJbXBvc3NpYmxlIEJ1cmdlciIsInByaWNlIjoyNS4wLCJzaXplIjoic20ifX0sIl9hdXRoX3VzZXJfaWQiOiIxMiIsIl9hdXRoX3VzZXJfYmFja2VuZCI6ImRqYW5nby5jb250cmliLmF1dGguYmFja2VuZHMuTW9kZWxCYWNrZW5kIiwiX2F1dGhfdXNlcl9oYXNoIjoiZmE5ZDcwMDUwZGM0YWUxODA3OTgyMDI0YThkNDQ3NmQ2OGVhYWI1ZCIsIl9zZXNzaW9uX2V4cGlyeSI6MH0=", "expire_date": "2020-06-10T15:27:02.717Z"}}, {"model": "sites.site", "pk": 1, "fields": {"domain": "https://8080-e7291010-27ef-4a4e-b5c6-7a7d9a6ca723.ws-us02.gitpod.io/", "name": "FlashStocks"}}, {"model": "customers.download", "pk": 1, "fields": {"user": 1, "image": 3, "date": "2020-05-26T12:53:08.595Z", "size": "md"}}, {"model": "customers.download", "pk": 2, "fields": {"user": 1, "image": 9, "date": "2020-05-26T12:53:08.633Z", "size": "md"}}, {"model": "customers.download", "pk": 3, "fields": {"user": 1, "image": 3, "date": "2020-05-26T13:01:03.996Z", "size": "lg"}}, {"model": "customers.download", "pk": 4, "fields": {"user": 1, "image": 1, "date": "2020-05-27T04:50:52.071Z", "size": "sm"}}, {"model": "customers.download", "pk": 5, "fields": {"user": 4, "image": 14, "date": "2020-05-27T08:07:30.524Z", "size": "sm"}}, {"model": "customers.download", "pk": 6, "fields": {"user": 4, "image": 14, "date": "2020-05-27T15:16:12.314Z", "size": "md"}}, {"model": "customers.favourite", "pk": 1, "fields": {"user": 1, "image": 1}}, {"model": "customers.favourite", "pk": 2, "fields": {"user": 1, "image": 1}}, {"model": "customers.favourite", "pk": 3, "fields": {"user": 1, "image": 3}}, {"model": "customers.favourite", "pk": 4, "fields": {"user": 1, "image": 4}}, {"model": "customers.favourite", "pk": 10, "fields": {"user": 4, "image": 16}}, {"model": "customers.favourite", "pk": 12, "fields": {"user": 4, "image": 10}}, {"model": "customers.favourite", "pk": 13, "fields": {"user": 4, "image": 1}}, {"model": "photographers.album", "pk": 1, "fields": {"title": "Forest", "desc": "Rain Forest in Singapore", "owner": 1, "tags": [2, 3, 4], "category": [1]}}, {"model": "photographers.album", "pk": 3, "fields": {"title": "Highlight 2", "desc": "anything and everything", "owner": 2, "tags": [15], "category": [11]}}, {"model": "photographers.album", "pk": 4, "fields": {"title": "Highlight 3", "desc": "still highlights", "owner": 2, "tags": [7, 8], "category": [12]}}, {"model": "photographers.album", "pk": 5, "fields": {"title": "My First Album", "desc": "Check out my first album", "owner": 3, "tags": [4], "category": [1]}}, {"model": "photographers.album", "pk": 6, "fields": {"title": "Food Highlights", "desc": "Delicious Food", "owner": 5, "tags": [9, 10], "category": [2]}}, {"model": "photos.tag", "pk": 2, "fields": {"name": "forest"}}, {"model": "photos.tag", "pk": 3, "fields": {"name": "woods"}}, {"model": "photos.tag", "pk": 4, "fields": {"name": "greenery"}}, {"model": "photos.tag", "pk": 5, "fields": {"name": "dessert"}}, {"model": "photos.tag", "pk": 6, "fields": {"name": "fruit"}}, {"model": "photos.tag", "pk": 7, "fields": {"name": "dog"}}, {"model": "photos.tag", "pk": 8, "fields": {"name": "cat"}}, {"model": "photos.tag", "pk": 9, "fields": {"name": "noodles"}}, {"model": "photos.tag", "pk": 10, "fields": {"name": "rice"}}, {"model": "photos.tag", "pk": 11, "fields": {"name": "drinks"}}, {"model": "photos.tag", "pk": 12, "fields": {"name": "beer"}}, {"model": "photos.tag", "pk": 13, "fields": {"name": "beverage"}}, {"model": "photos.tag", "pk": 14, "fields": {"name": "stylish"}}, {"model": "photos.tag", "pk": 15, "fields": {"name": "daily life object"}}, {"model": "photos.tag", "pk": 16, "fields": {"name": "wood"}}, {"model": "photos.tag", "pk": 20, "fields": {"name": "nature"}}, {"model": "photos.tag", "pk": 22, "fields": {"name": "scenery"}}, {"model": "photos.tag", "pk": 23, "fields": {"name": "snow"}}, {"model": "photos.tag", "pk": 24, "fields": {"name": "winter"}}, {"model": "photos.tag", "pk": 25, "fields": {"name": "meat"}}, {"model": "photos.tag", "pk": 26, "fields": {"name": "finger food"}}, {"model": "photos.tag", "pk": 27, "fields": {"name": "dessert"}}, {"model": "photos.category", "pk": 1, "fields": {"name": "Nature"}}, {"model": "photos.category", "pk": 2, "fields": {"name": "Food"}}, {"model": "photos.category", "pk": 9, "fields": {"name": "Human"}}, {"model": "photos.category", "pk": 10, "fields": {"name": "Landscape"}}, {"model": "photos.category", "pk": 11, "fields": {"name": "Lifestyle"}}, {"model": "photos.category", "pk": 12, "fields": {"name": "Animal"}}, {"model": "photos.photo", "pk": 1, "fields": {"image": "https://ucarecdn.com/43c2def4-530f-404d-ac22-5b842c5cd42f/", "date_added": "2020-05-23", "caption": "Green Buds in the Park", "desc": "Nature park in Singapore", "price": 10.0, "owner": 2, "tags": [], "category": [], "album": []}}, {"model": "photos.photo", "pk": 3, "fields": {"image": "https://ucarecdn.com/e45b9516-d164-447c-a665-7751baead34a/", "date_added": "2020-05-23", "caption": "The woodpecker", "desc": "Woodpecker in a park on a sunny morning", "price": 12.0, "owner": 2, "tags": [], "category": [], "album": []}}, {"model": "photos.photo", "pk": 4, "fields": {"image": "https://ucarecdn.com/7293b0a0-1ad4-42a6-9f30-ccfae57e92f2/", "date_added": "2020-05-23", "caption": "The Lake", "desc": "The green lake at Macritchie Reservoir", "price": 12.0, "owner": 2, "tags": [], "category": [], "album": []}}, {"model": "photos.photo", "pk": 5, "fields": {"image": "https://ucarecdn.com/16ebce26-db24-4888-963a-42795a01c3c8/", "date_added": "2020-05-23", "caption": "Nature path in a park", "desc": "Nature path in a park", "price": 8.0, "owner": 2, "tags": [], "category": [], "album": []}}, {"model": "photos.photo", "pk": 6, "fields": {"image": "https://ucarecdn.com/67ded944-2f11-482d-ac37-c255125e0904/", "date_added": "2020-05-23", "caption": "Squirrel", "desc": "A squirrel on the rail of a nature path", "price": 8.0, "owner": 2, "tags": [4], "category": [1], "album": [1]}}, {"model": "photos.photo", "pk": 7, "fields": {"image": "https://ucarecdn.com/9255281f-3ca4-47da-b41c-4f2eab3626b6/", "date_added": "2020-05-23", "caption": "Street in Stockholm", "desc": "Stockholm", "price": 25.0, "owner": 3, "tags": [], "category": [10], "album": []}}, {"model": "photos.photo", "pk": 8, "fields": {"image": "https://ucarecdn.com/8da19e32-cdd4-409b-9608-2f735b0ce445/", "date_added": "2020-05-23", "caption": "Sky and branches", "desc": "blue sky and branches", "price": 8.0, "owner": 3, "tags": [20], "category": [1], "album": []}}, {"model": "photos.photo", "pk": 9, "fields": {"image": "https://ucarecdn.com/90db8d91-60b9-4a63-add2-1d89dd21fc67/", "date_added": "2020-05-26", "caption": "Squirrel", "desc": "Squirrel", "price": 20.0, "owner": 3, "tags": [20], "category": [12], "album": []}}, {"model": "photos.photo", "pk": 10, "fields": {"image": "https://ucarecdn.com/171c3892-6ee3-4316-978b-3f8fe90712ff/", "date_added": "2020-05-27", "caption": "Hallabong Oranges", "desc": "Famous Hallabong oranges produced in Jeju Island, taken at a local market in Korea", "price": 25.0, "owner": 4, "tags": [6], "category": [2], "album": []}}, {"model": "photos.photo", "pk": 11, "fields": {"image": "https://ucarecdn.com/3019dc5f-dfe5-44f8-9aaf-714dfdd5135a/", "date_added": "2020-05-27", "caption": "Snow Scenery", "desc": "A scenery covered with snow in Nami Island, Korea", "price": 25.0, "owner": 4, "tags": [20], "category": [1, 10], "album": []}}, {"model": "photos.photo", "pk": 12, "fields": {"image": "https://ucarecdn.com/791938a3-f73d-4d9b-8055-8b61a161c983/", "date_added": "2020-05-27", "caption": "Cat", "desc": "A cat in a park in Songdo, Korea", "price": 15.0, "owner": 4, "tags": [8, 20], "category": [12], "album": []}}, {"model": "photos.photo", "pk": 13, "fields": {"image": "https://ucarecdn.com/f288ca14-9d23-4b67-88e5-77b039581232/", "date_added": "2020-05-27", "caption": "Burnt baseball", "desc": "This is an exhibit inside Tokyo Tower, the baseball was found during the construction of Tokyo Tower", "price": 30.0, "owner": 4, "tags": [15], "category": [11], "album": []}}, {"model": "photos.photo", "pk": 14, "fields": {"image": "https://ucarecdn.com/aae3ff7d-2278-4e46-9b10-635946a1e9e0/", "date_added": "2020-05-27", "caption": "Snow Scenery", "desc": "Heavy snow  outside a hotspring resort in North East Japan", "price": 35.0, "owner": 4, "tags": [20, 22, 23, 24], "category": [1, 10], "album": []}}, {"model": "photos.photo", "pk": 16, "fields": {"image": "https://ucarecdn.com/1ce78598-3723-437e-8729-6d597fa61885/", "date_added": "2020-05-27", "caption": "Popcorn Chicken", "desc": "Popcorn Chicken, Fried Chicken", "price": 12.0, "owner": 5, "tags": [25, 26], "category": [2, 11], "album": []}}, {"model": "photos.photo", "pk": 17, "fields": {"image": "https://ucarecdn.com/aa942deb-143e-4b11-8dd5-90f83a64dd1b/", "date_added": "2020-05-27", "caption": "Impossible Burger", "desc": "Impossible Burger, Vegetarian Food", "price": 25.0, "owner": 5, "tags": [25, 26], "category": [2], "album": []}}, {"model": "photos.photo", "pk": 18, "fields": {"image": "https://ucarecdn.com/c18176dd-5d0c-4731-9032-4bd80257f1d6/", "date_added": "2020-05-27", "caption": "Dessert", "desc": "Italian dessert", "price": 25.0, "owner": 5, "tags": [5], "category": [2], "album": []}}, {"model": "photos.photo", "pk": 19, "fields": {"image": "https://ucarecdn.com/b369d377-f6cb-41dd-b601-2d87581f44b9/", "date_added": "2020-05-27", "caption": "Dumplings", "desc": "Chinese dumplings presented in a bowl", "price": 12.0, "owner": 5, "tags": [25], "category": [2], "album": []}}, {"model": "auth.permission", "pk": 1, "fields": {"name": "Can add log entry", "content_type": 1, "codename": "add_logentry"}}, {"model": "auth.permission", "pk": 2, "fields": {"name": "Can change log entry", "content_type": 1, "codename": "change_logentry"}}, {"model": "auth.permission", "pk": 3, "fields": {"name": "Can delete log entry", "content_type": 1, "codename": "delete_logentry"}}, {"model": "auth.permission", "pk": 4, "fields": {"name": "Can view log entry", "content_type": 1, "codename": "view_logentry"}}, {"model": "auth.permission", "pk": 5, "fields": {"name": "Can add permission", "content_type": 2, "codename": "add_permission"}}, {"model": "auth.permission", "pk": 6, "fields": {"name": "Can change permission", "content_type": 2, "codename": "change_permission"}}, {"model": "auth.permission", "pk": 7, "fields": {"name": "Can delete permission", "content_type": 2, "codename": "delete_permission"}}, {"model": "auth.permission", "pk": 8, "fields": {"name": "Can view permission", "content_type": 2, "codename": "view_permission"}}, {"model": "auth.permission", "pk": 9, "fields": {"name": "Can add group", "content_type": 3, "codename": "add_group"}}, {"model": "auth.permission", "pk": 10, "fields": {"name": "Can change group", "content_type": 3, "codename": "change_group"}}, {"model": "auth.permission", "pk": 11, "fields": {"name": "Can delete group", "content_type": 3, "codename": "delete_group"}}, {"model": "auth.permission", "pk": 12, "fields": {"name": "Can view group", "content_type": 3, "codename": "view_group"}}, {"model": "auth.permission", "pk": 13, "fields": {"name": "Can add user", "content_type": 4, "codename": "add_user"}}, {"model": "auth.permission", "pk": 14, "fields": {"name": "Can change user", "content_type": 4, "codename": "change_user"}}, {"model": "auth.permission", "pk": 15, "fields": {"name": "Can delete user", "content_type": 4, "codename": "delete_user"}}, {"model": "auth.permission", "pk": 16, "fields": {"name": "Can view user", "content_type": 4, "codename": "view_user"}}, {"model": "auth.permission", "pk": 17, "fields": {"name": "Can add content type", "content_type": 5, "codename": "add_contenttype"}}, {"model": "auth.permission", "pk": 18, "fields": {"name": "Can change content type", "content_type": 5, "codename": "change_contenttype"}}, {"model": "auth.permission", "pk": 19, "fields": {"name": "Can delete content type", "content_type": 5, "codename": "delete_contenttype"}}, {"model": "auth.permission", "pk": 20, "fields": {"name": "Can view content type", "content_type": 5, "codename": "view_contenttype"}}, {"model": "auth.permission", "pk": 21, "fields": {"name": "Can add session", "content_type": 6, "codename": "add_session"}}, {"model": "auth.permission", "pk": 22, "fields": {"name": "Can change session", "content_type": 6, "codename": "change_session"}}, {"model": "auth.permission", "pk": 23, "fields": {"name": "Can delete session", "content_type": 6, "codename": "delete_session"}}, {"model": "auth.permission", "pk": 24, "fields": {"name": "Can view session", "content_type": 6, "codename": "view_session"}}, {"model": "auth.permission", "pk": 25, "fields": {"name": "Can add site", "content_type": 7, "codename": "add_site"}}, {"model": "auth.permission", "pk": 26, "fields": {"name": "Can change site", "content_type": 7, "codename": "change_site"}}, {"model": "auth.permission", "pk": 27, "fields": {"name": "Can delete site", "content_type": 7, "codename": "delete_site"}}, {"model": "auth.permission", "pk": 28, "fields": {"name": "Can view site", "content_type": 7, "codename": "view_site"}}, {"model": "auth.permission", "pk": 29, "fields": {"name": "Can add email address", "content_type": 8, "codename": "add_emailaddress"}}, {"model": "auth.permission", "pk": 30, "fields": {"name": "Can change email address", "content_type": 8, "codename": "change_emailaddress"}}, {"model": "auth.permission", "pk": 31, "fields": {"name": "Can delete email address", "content_type": 8, "codename": "delete_emailaddress"}}, {"model": "auth.permission", "pk": 32, "fields": {"name": "Can view email address", "content_type": 8, "codename": "view_emailaddress"}}, {"model": "auth.permission", "pk": 33, "fields": {"name": "Can add email confirmation", "content_type": 9, "codename": "add_emailconfirmation"}}, {"model": "auth.permission", "pk": 34, "fields": {"name": "Can change email confirmation", "content_type": 9, "codename": "change_emailconfirmation"}}, {"model": "auth.permission", "pk": 35, "fields": {"name": "Can delete email confirmation", "content_type": 9, "codename": "delete_emailconfirmation"}}, {"model": "auth.permission", "pk": 36, "fields": {"name": "Can view email confirmation", "content_type": 9, "codename": "view_emailconfirmation"}}, {"model": "auth.permission", "pk": 37, "fields": {"name": "Can add social account", "content_type": 10, "codename": "add_socialaccount"}}, {"model": "auth.permission", "pk": 38, "fields": {"name": "Can change social account", "content_type": 10, "codename": "change_socialaccount"}}, {"model": "auth.permission", "pk": 39, "fields": {"name": "Can delete social account", "content_type": 10, "codename": "delete_socialaccount"}}, {"model": "auth.permission", "pk": 40, "fields": {"name": "Can view social account", "content_type": 10, "codename": "view_socialaccount"}}, {"model": "auth.permission", "pk": 41, "fields": {"name": "Can add social application", "content_type": 11, "codename": "add_socialapp"}}, {"model": "auth.permission", "pk": 42, "fields": {"name": "Can change social application", "content_type": 11, "codename": "change_socialapp"}}, {"model": "auth.permission", "pk": 43, "fields": {"name": "Can delete social application", "content_type": 11, "codename": "delete_socialapp"}}, {"model": "auth.permission", "pk": 44, "fields": {"name": "Can view social application", "content_type": 11, "codename": "view_socialapp"}}, {"model": "auth.permission", "pk": 45, "fields": {"name": "Can add social application token", "content_type": 12, "codename": "add_socialtoken"}}, {"model": "auth.permission", "pk": 46, "fields": {"name": "Can change social application token", "content_type": 12, "codename": "change_socialtoken"}}, {"model": "auth.permission", "pk": 47, "fields": {"name": "Can delete social application token", "content_type": 12, "codename": "delete_socialtoken"}}, {"model": "auth.permission", "pk": 48, "fields": {"name": "Can view social application token", "content_type": 12, "codename": "view_socialtoken"}}, {"model": "auth.permission", "pk": 49, "fields": {"name": "Can add customer", "content_type": 13, "codename": "add_customer"}}, {"model": "auth.permission", "pk": 50, "fields": {"name": "Can change customer", "content_type": 13, "codename": "change_customer"}}, {"model": "auth.permission", "pk": 51, "fields": {"name": "Can delete customer", "content_type": 13, "codename": "delete_customer"}}, {"model": "auth.permission", "pk": 52, "fields": {"name": "Can view customer", "content_type": 13, "codename": "view_customer"}}, {"model": "auth.permission", "pk": 53, "fields": {"name": "Can add photographer", "content_type": 14, "codename": "add_photographer"}}, {"model": "auth.permission", "pk": 54, "fields": {"name": "Can change photographer", "content_type": 14, "codename": "change_photographer"}}, {"model": "auth.permission", "pk": 55, "fields": {"name": "Can delete photographer", "content_type": 14, "codename": "delete_photographer"}}, {"model": "auth.permission", "pk": 56, "fields": {"name": "Can view photographer", "content_type": 14, "codename": "view_photographer"}}, {"model": "auth.permission", "pk": 57, "fields": {"name": "Can add tag", "content_type": 15, "codename": "add_tag"}}, {"model": "auth.permission", "pk": 58, "fields": {"name": "Can change tag", "content_type": 15, "codename": "change_tag"}}, {"model": "auth.permission", "pk": 59, "fields": {"name": "Can delete tag", "content_type": 15, "codename": "delete_tag"}}, {"model": "auth.permission", "pk": 60, "fields": {"name": "Can view tag", "content_type": 15, "codename": "view_tag"}}, {"model": "auth.permission", "pk": 61, "fields": {"name": "Can add category", "content_type": 16, "codename": "add_category"}}, {"model": "auth.permission", "pk": 62, "fields": {"name": "Can change category", "content_type": 16, "codename": "change_category"}}, {"model": "auth.permission", "pk": 63, "fields": {"name": "Can delete category", "content_type": 16, "codename": "delete_category"}}, {"model": "auth.permission", "pk": 64, "fields": {"name": "Can view category", "content_type": 16, "codename": "view_category"}}, {"model": "auth.permission", "pk": 65, "fields": {"name": "Can add album", "content_type": 17, "codename": "add_album"}}, {"model": "auth.permission", "pk": 66, "fields": {"name": "Can change album", "content_type": 17, "codename": "change_album"}}, {"model": "auth.permission", "pk": 67, "fields": {"name": "Can delete album", "content_type": 17, "codename": "delete_album"}}, {"model": "auth.permission", "pk": 68, "fields": {"name": "Can view album", "content_type": 17, "codename": "view_album"}}, {"model": "auth.permission", "pk": 69, "fields": {"name": "Can add photo", "content_type": 18, "codename": "add_photo"}}, {"model": "auth.permission", "pk": 70, "fields": {"name": "Can change photo", "content_type": 18, "codename": "change_photo"}}, {"model": "auth.permission", "pk": 71, "fields": {"name": "Can delete photo", "content_type": 18, "codename": "delete_photo"}}, {"model": "auth.permission", "pk": 72, "fields": {"name": "Can view photo", "content_type": 18, "codename": "view_photo"}}, {"model": "auth.permission", "pk": 73, "fields": {"name": "Can add download", "content_type": 19, "codename": "add_download"}}, {"model": "auth.permission", "pk": 74, "fields": {"name": "Can change download", "content_type": 19, "codename": "change_download"}}, {"model": "auth.permission", "pk": 75, "fields": {"name": "Can delete download", "content_type": 19, "codename": "delete_download"}}, {"model": "auth.permission", "pk": 76, "fields": {"name": "Can view download", "content_type": 19, "codename": "view_download"}}, {"model": "auth.permission", "pk": 77, "fields": {"name": "Can add favourite", "content_type": 20, "codename": "add_favourite"}}, {"model": "auth.permission", "pk": 78, "fields": {"name": "Can change favourite", "content_type": 20, "codename": "change_favourite"}}, {"model": "auth.permission", "pk": 79, "fields": {"name": "Can delete favourite", "content_type": 20, "codename": "delete_favourite"}}, {"model": "auth.permission", "pk": 80, "fields": {"name": "Can view favourite", "content_type": 20, "codename": "view_favourite"}}, {"model": "auth.group", "pk": 1, "fields": {"name": "customers", "permissions": []}}, {"model": "auth.group", "pk": 2, "fields": {"name": "photographers", "permissions": []}}, {"model": "auth.user", "pk": 1, "fields": {"password": "pbkdf2_sha256$150000$OggIa3LWo4nA$0yMrSJjJYYKjMBTvPangRiUewUY4vq/NjGslqXLSjy4=", "last_login": "2020-05-27T10:18:06.133Z", "is_superuser": true, "username": "admin", "first_name": "", "last_name": "", "email": "admin@asd.com", "is_staff": true, "is_active": true, "date_joined": "2020-05-18T07:43:56.224Z", "groups": [], "user_permissions": []}}, {"model": "auth.user", "pk": 2, "fields": {"password": "pbkdf2_sha256$150000$xv0LNWobuws4$K6m9ZfmgBc5JEpMWgH2OgEydkbUF92YAjQwC9gm3TWM=", "last_login": "2020-05-21T11:46:09.500Z", "is_superuser": false, "username": "abc123", "first_name": "ABC", "last_name": "DEF", "email": "abc@abc.com", "is_staff": false, "is_active": true, "date_joined": "2020-05-20T12:48:06Z", "groups": [], "user_permissions": []}}, {"model": "auth.user", "pk": 3, "fields": {"password": "pbkdf2_sha256$150000$TXs0zgkIoLEa$31Z+rVg4wjsZQsOtYab/aeLAK0QlNIqVxnmgcdTOSGQ=", "last_login": "2020-05-21T07:09:55.811Z", "is_superuser": false, "username": "useruser", "first_name": "first", "last_name": "last", "email": "user@email.com", "is_staff": false, "is_active": true, "date_joined": "2020-05-21T07:09:35.034Z", "groups": [], "user_permissions": []}}, {"model": "auth.user", "pk": 4, "fields": {"password": "pbkdf2_sha256$150000$TE4A8avrJTAX$qASq5Jxr+VBfAmm1VC0TeNrKe24DrA382rW1Gwd0T/M=", "last_login": null, "is_superuser": false, "username": "happpyfeet", "first_name": "yeyeua", "last_name": "figjos", "email": "testing@test.com", "is_staff": false, "is_active": true, "date_joined": "2020-05-21T07:47:12.127Z", "groups": [], "user_permissions": []}}, {"model": "auth.user", "pk": 5, "fields": {"password": "pbkdf2_sha256$150000$GKgXyEKrhuVx$H59NlhQ7lIoBgJYM0re42aWb/eIO5ejCZmCbJ6yWRRM=", "last_login": "2020-05-27T04:50:02.215Z", "is_superuser": false, "username": "happpynow", "first_name": "iu", "last_name": "suga", "email": "hahaha@gmm.com", "is_staff": false, "is_active": true, "date_joined": "2020-05-21T07:48:39.029Z", "groups": [1], "user_permissions": []}}, {"model": "auth.user", "pk": 6, "fields": {"password": "pbkdf2_sha256$150000$Sw8ZnoeVcD0S$dSbBsayI41zJkrzPf1zG9eQJ8nSwqzwkVU8Cg69eFHE=", "last_login": null, "is_superuser": false, "username": "btsforever", "first_name": "cookie", "last_name": "monster", "email": "yayaya@email.com", "is_staff": false, "is_active": true, "date_joined": "2020-05-21T07:51:28.109Z", "groups": [2], "user_permissions": []}}, {"model": "auth.user", "pk": 7, "fields": {"password": "pbkdf2_sha256$150000$ha0ZDErmKnq2$/GLbV4/1enOW9cHiGaid+qni1zZPBlQGOpRnt9W3zdU=", "last_login": "2020-05-21T08:27:28.380Z", "is_superuser": false, "username": "weiweiwei", "first_name": "hehehe", "last_name": "weiweiwei", "email": "hehehe@wb.com", "is_staff": false, "is_active": true, "date_joined": "2020-05-21T08:27:06.227Z", "groups": [1], "user_permissions": []}}, {"model": "auth.user", "pk": 8, "fields": {"password": "pbkdf2_sha256$150000$X7SKkISXSOQB$PWj2+b7gnphIt2aP+upfAlyEHqonKP0zyE8CmXH0S3E=", "last_login": "2020-05-21T14:09:37.372Z", "is_superuser": false, "username": "mark123", "first_name": "Mark", "last_name": "Steven", "email": "mark@rr.com", "is_staff": false, "is_active": true, "date_joined": "2020-05-21T14:09:13.271Z", "groups": [2], "user_permissions": []}}, {"model": "auth.user", "pk": 9, "fields": {"password": "pbkdf2_sha256$150000$SbrcismBmgeF$SM2sNdyfybwBbAr2+jkXe3FqzPoZ8dEpFi682UTregA=", "last_login": "2020-05-26T09:28:15.660Z", "is_superuser": false, "username": "WilliamW", "first_name": "William", "last_name": "Wei", "email": "william@weibird.com", "is_staff": false, "is_active": true, "date_joined": "2020-05-23T11:32:35.999Z", "groups": [2], "user_permissions": []}}, {"model": "auth.user", "pk": 10, "fields": {"password": "pbkdf2_sha256$150000$NtZMbNp35RJD$WO0kPqRzIx1alFuF0W3s2s7YBMT8xejvdgh9QMbhSr0=", "last_login": "2020-05-27T04:53:08.815Z", "is_superuser": false, "username": "fish0520", "first_name": "Fish", "last_name": "Leong", "email": "fish@email.com", "is_staff": false, "is_active": true, "date_joined": "2020-05-26T06:56:35.300Z", "groups": [2], "user_permissions": []}}, {"model": "auth.user", "pk": 11, "fields": {"password": "pbkdf2_sha256$150000$GlZMT2tOH73g$ZAKIILIZe+FUX217m4jU2i9SY00FHKhq5pR6rEATcBE=", "last_login": "2020-05-27T08:00:29.666Z", "is_superuser": false, "username": "foodie321", "first_name": "Sylvia", "last_name": "Collin", "email": "foodie@foodparadise.com", "is_staff": false, "is_active": true, "date_joined": "2020-05-27T06:33:58.312Z", "groups": [2], "user_permissions": []}}, {"model": "auth.user", "pk": 12, "fields": {"password": "pbkdf2_sha256$150000$r0dgTd12mGSD$RHkEo1JzqaLwxmoC0hhRPFQH4yMq6qDVLNP5yuTu4Do=", "last_login": "2020-05-27T12:55:33.776Z", "is_superuser": false, "username": "sophia3344", "first_name": "Sophia", "last_name": "Koh", "email": "sophia@abc.com", "is_staff": false, "is_active": true, "date_joined": "2020-05-27T07:40:01.135Z", "groups": [1], "user_permissions": []}}, {"model": "account.emailaddress", "pk": 1, "fields": {"user": 1, "email": "admin@asd.com", "verified": true, "primary": true}}, {"model": "account.emailaddress", "pk": 2, "fields": {"user": 2, "email": "abc@abc.com", "verified": true, "primary": true}}, {"model": "account.emailaddress", "pk": 3, "fields": {"user": 3, "email": "user@email.com", "verified": true, "primary": true}}, {"model": "account.emailaddress", "pk": 4, "fields": {"user": 5, "email": "hahaha@gmm.com", "verified": true, "primary": true}}, {"model": "account.emailaddress", "pk": 5, "fields": {"user": 6, "email": "yayaya@email.com", "verified": true, "primary": true}}, {"model": "account.emailaddress", "pk": 6, "fields": {"user": 7, "email": "hehehe@wb.com", "verified": true, "primary": true}}, {"model": "account.emailaddress", "pk": 7, "fields": {"user": 8, "email": "mark@rr.com", "verified": true, "primary": true}}, {"model": "account.emailaddress", "pk": 8, "fields": {"user": 9, "email": "william@weibird.com", "verified": true, "primary": true}}, {"model": "account.emailaddress", "pk": 9, "fields": {"user": 10, "email": "fish@email.com", "verified": true, "primary": true}}, {"model": "account.emailaddress", "pk": 10, "fields": {"user": 11, "email": "foodie@foodparadise.com", "verified": true, "primary": true}}, {"model": "account.emailaddress", "pk": 11, "fields": {"user": 12, "email": "sophia@abc.com", "verified": true, "primary": true}}, {"model": "customers.customer", "pk": 1, "fields": {"user": 5, "display_name": "happynow", "dob": "1988-05-02", "address_line1": "Blk 24 Telok Blangah Crescent", "address_line2": "#04-02", "postal_code": "090024", "city": "", "country": "SG", "country_code": 65, "contact_number": 91234356}}, {"model": "customers.customer", "pk": 2, "fields": {"user": 7, "display_name": "weiweiwei", "dob": "1982-02-09", "address_line1": "", "address_line2": "", "postal_code": "", "city": "", "country": "SG", "country_code": 65, "contact_number": 32894292}}, {"model": "customers.customer", "pk": 3, "fields": {"user": 2, "display_name": "i_am_cool_213", "dob": "1997-03-05", "address_line1": "243, abc street", "address_line2": "", "postal_code": "391482", "city": "", "country": "SG", "country_code": 65, "contact_number": 99100824}}, {"model": "customers.customer", "pk": 4, "fields": {"user": 12, "display_name": "sophia3344", "dob": "2006-02-01", "address_line1": "987, Washington Street", "address_line2": "", "postal_code": "109384", "city": "New York", "country": "US", "country_code": 1, "contact_number": 31082848}}, {"model": "photographers.photographer", "pk": 1, "fields": {"user": 1, "display_name": "cool_eyes", "dob": "2009-08-11", "address_line1": "123, skajdpajf", "address_line2": "jojfpafa", "postal_code": "090024", "city": "Singapore", "country": "SG", "country_code": 65, "contact_number": 92849581, "profile_img": ""}}, {"model": "photographers.photographer", "pk": 2, "fields": {"user": 8, "display_name": "mark1234", "dob": "1987-04-03", "address_line1": "9, Anaconda Street", "address_line2": "", "postal_code": "991039", "city": "", "country": "SG", "country_code": 65, "contact_number": 93284722, "profile_img": "https://ucarecdn.com/e770bf62-9eff-4edc-a18f-e359c6856798/"}}, {"model": "photographers.photographer", "pk": 3, "fields": {"user": 9, "display_name": "Weibird0305", "dob": "1987-03-05", "address_line1": "Taipei", "address_line2": "", "postal_code": "1000", "city": "Taipei", "country": "TW", "country_code": 886, "contact_number": 93108405, "profile_img": ""}}, {"model": "photographers.photographer", "pk": 4, "fields": {"user": 10, "display_name": "fish520", "dob": "1990-03-13", "address_line1": "24, Aquarium Street", "address_line2": "", "postal_code": "", "city": "", "country": "SG", "country_code": 65, "contact_number": 82739274, "profile_img": ""}}, {"model": "photographers.photographer", "pk": 5, "fields": {"user": 11, "display_name": "foodie321", "dob": "2009-07-15", "address_line1": "456, Food Paradise", "address_line2": "", "postal_code": "100902", "city": "Singapore", "country": "SG", "country_code": 65, "contact_number": 92108474, "profile_img": "https://ucarecdn.com/21d8b919-ff59-43ab-adfb-2d8fcafd027b/"}}, {"model": "admin.logentry", "pk": 1, "fields": {"action_time": "2020-05-18T07:54:07.426Z", "user": 1, "content_type": 7, "object_id": "1", "object_repr": "flashingstocks.com", "action_flag": 2, "change_message": "[{\"changed\": {\"fields\": [\"domain\", \"name\"]}}]"}}, {"model": "admin.logentry", "pk": 2, "fields": {"action_time": "2020-05-18T08:00:15.358Z", "user": 1, "content_type": 8, "object_id": "1", "object_repr": "admin@asd.com", "action_flag": 2, "change_message": "[{\"changed\": {\"fields\": [\"verified\", \"primary\"]}}]"}}, {"model": "admin.logentry", "pk": 3, "fields": {"action_time": "2020-05-20T11:28:05.530Z", "user": 1, "content_type": 14, "object_id": "1", "object_repr": "Photographer object (1)", "action_flag": 1, "change_message": "[{\"added\": {}}]"}}, {"model": "admin.logentry", "pk": 4, "fields": {"action_time": "2020-05-20T11:30:20.271Z", "user": 1, "content_type": 15, "object_id": "1", "object_repr": "nature", "action_flag": 1, "change_message": "[{\"added\": {}}]"}}, {"model": "admin.logentry", "pk": 5, "fields": {"action_time": "2020-05-20T11:30:29.699Z", "user": 1, "content_type": 15, "object_id": "2", "object_repr": "forest", "action_flag": 1, "change_message": "[{\"added\": {}}]"}}, {"model": "admin.logentry", "pk": 6, "fields": {"action_time": "2020-05-20T11:30:35.580Z", "user": 1, "content_type": 15, "object_id": "3", "object_repr": "woods", "action_flag": 1, "change_message": "[{\"added\": {}}]"}}, {"model": "admin.logentry", "pk": 7, "fields": {"action_time": "2020-05-20T11:30:42.211Z", "user": 1, "content_type": 15, "object_id": "4", "object_repr": "greenery", "action_flag": 1, "change_message": "[{\"added\": {}}]"}}, {"model": "admin.logentry", "pk": 8, "fields": {"action_time": "2020-05-20T11:31:04.227Z", "user": 1, "content_type": 16, "object_id": "1", "object_repr": "Nature", "action_flag": 1, "change_message": "[{\"added\": {}}]"}}, {"model": "admin.logentry", "pk": 9, "fields": {"action_time": "2020-05-20T11:31:07.163Z", "user": 1, "content_type": 17, "object_id": "1", "object_repr": "Forest", "action_flag": 1, "change_message": "[{\"added\": {}}]"}}, {"model": "admin.logentry", "pk": 10, "fields": {"action_time": "2020-05-20T13:27:57.662Z", "user": 1, "content_type": 7, "object_id": "1", "object_repr": "flashstocks.com", "action_flag": 2, "change_message": "[{\"changed\": {\"fields\": [\"domain\", \"name\"]}}]"}}, {"model": "admin.logentry", "pk": 11, "fields": {"action_time": "2020-05-20T13:28:11.589Z", "user": 1, "content_type": 7, "object_id": "1", "object_repr": "flashstocks.com", "action_flag": 2, "change_message": "[{\"changed\": {\"fields\": [\"name\"]}}]"}}, {"model": "admin.logentry", "pk": 12, "fields": {"action_time": "2020-05-20T13:28:22.094Z", "user": 1, "content_type": 7, "object_id": "1", "object_repr": "flashstocks.com", "action_flag": 2, "change_message": "[{\"changed\": {\"fields\": [\"name\"]}}]"}}, {"model": "admin.logentry", "pk": 13, "fields": {"action_time": "2020-05-21T02:48:08.631Z", "user": 1, "content_type": 4, "object_id": "2", "object_repr": "abc123", "action_flag": 2, "change_message": "[{\"changed\": {\"fields\": [\"first_name\", \"last_name\"]}}]"}}, {"model": "admin.logentry", "pk": 14, "fields": {"action_time": "2020-05-21T07:11:03.396Z", "user": 1, "content_type": 3, "object_id": "1", "object_repr": "customers", "action_flag": 1, "change_message": "[{\"added\": {}}]"}}, {"model": "admin.logentry", "pk": 15, "fields": {"action_time": "2020-05-21T07:11:13.052Z", "user": 1, "content_type": 3, "object_id": "2", "object_repr": "photographers", "action_flag": 1, "change_message": "[{\"added\": {}}]"}}, {"model": "admin.logentry", "pk": 16, "fields": {"action_time": "2020-05-21T08:21:44.017Z", "user": 1, "content_type": 13, "object_id": "1", "object_repr": "iu suga (happynow)", "action_flag": 1, "change_message": "[{\"added\": {}}]"}}, {"model": "admin.logentry", "pk": 17, "fields": {"action_time": "2020-05-22T04:09:42.530Z", "user": 1, "content_type": 14, "object_id": "2", "object_repr": "Mark Steven (mark123)", "action_flag": 2, "change_message": "[{\"changed\": {\"fields\": [\"profile_img\"]}}]"}}, {"model": "admin.logentry", "pk": 18, "fields": {"action_time": "2020-05-22T06:08:03.041Z", "user": 1, "content_type": 14, "object_id": "2", "object_repr": "Mark Steven (mark123)", "action_flag": 2, "change_message": "[{\"changed\": {\"fields\": [\"profile_img\"]}}]"}}, {"model": "admin.logentry", "pk": 19, "fields": {"action_time": "2020-05-22T06:08:16.428Z", "user": 1, "content_type": 14, "object_id": "1", "object_repr": "  (cool_eyes)", "action_flag": 2, "change_message": "[{\"changed\": {\"fields\": [\"profile_img\"]}}]"}}, {"model": "admin.logentry", "pk": 20, "fields": {"action_time": "2020-05-22T08:42:14.702Z", "user": 1, "content_type": 18, "object_id": "2", "object_repr": "2_Green Buds in the Park", "action_flag": 2, "change_message": "[{\"changed\": {\"fields\": [\"image\", \"tags\", \"category\", \"album\"]}}]"}}, {"model": "admin.logentry", "pk": 21, "fields": {"action_time": "2020-05-22T13:35:52.110Z", "user": 1, "content_type": 16, "object_id": "7", "object_repr": "Food", "action_flag": 3, "change_message": ""}}, {"model": "admin.logentry", "pk": 22, "fields": {"action_time": "2020-05-22T13:35:52.147Z", "user": 1, "content_type": 16, "object_id": "6", "object_repr": "Food", "action_flag": 3, "change_message": ""}}, {"model": "admin.logentry", "pk": 23, "fields": {"action_time": "2020-05-22T13:35:52.179Z", "user": 1, "content_type": 16, "object_id": "5", "object_repr": "Food", "action_flag": 3, "change_message": ""}}, {"model": "admin.logentry", "pk": 24, "fields": {"action_time": "2020-05-22T13:35:52.210Z", "user": 1, "content_type": 16, "object_id": "4", "object_repr": "Food", "action_flag": 3, "change_message": ""}}, {"model": "admin.logentry", "pk": 25, "fields": {"action_time": "2020-05-22T13:35:52.247Z", "user": 1, "content_type": 16, "object_id": "3", "object_repr": "Food", "action_flag": 3, "change_message": ""}}, {"model": "admin.logentry", "pk": 26, "fields": {"action_time": "2020-05-22T13:36:25.451Z", "user": 1, "content_type": 16, "object_id": "8", "object_repr": "Food", "action_flag": 3, "change_message": ""}}, {"model": "admin.logentry", "pk": 27, "fields": {"action_time": "2020-05-24T12:15:13.327Z", "user": 1, "content_type": 7, "object_id": "1", "object_repr": "https://flashstocks.com", "action_flag": 2, "change_message": "[{\"changed\": {\"fields\": [\"domain\"]}}]"}}, {"model": "admin.logentry", "pk": 28, "fields": {"action_time": "2020-05-26T02:15:47.363Z", "user": 1, "content_type": 7, "object_id": "1", "object_repr": "https://8080-e7291010-27ef-4a4e-b5c6-7a7d9a6ca723.ws-us02.gitpod.io/", "action_flag": 2, "change_message": "[{\"changed\": {\"fields\": [\"domain\"]}}]"}}, {"model": "admin.logentry", "pk": 29, "fields": {"action_time": "2020-05-27T14:07:50.845Z", "user": 1, "content_type": 20, "object_id": "6", "object_repr": "Favourite object (6)", "action_flag": 3, "change_message": ""}}, {"model": "admin.logentry", "pk": 30, "fields": {"action_time": "2020-05-27T14:08:13.710Z", "user": 1, "content_type": 20, "object_id": "7", "object_repr": "Favourite object (7)", "action_flag": 3, "change_message": ""}}]